{"cameraMode":{"drawMode":0,"name":"Shaded","section":"Shading Mode"},"sceneLighting":true,"audioPlay":false,"sceneViewState":{"m_AlwaysRefresh":false,"showFog":true,"showSkybox":true,"showFlares":true,"showImageEffects":true,"showParticleSystems":true,"showVisualEffectGraphs":true,"m_FxEnabled":true},"in2DMode":false,"pivot":{"x":-0.05661274865269661,"y":3.100580930709839,"z":-0.15976597368717194},"rotation":{"x":-0.02280648984014988,"y":0.011093778535723687,"z":-0.00025253690546378493,"w":-0.9996813535690308},"size":4.608093738555908,"orthographic":false}