{"cameraMode":{"drawMode":0,"name":"Shaded","section":"Shading Mode"},"sceneLighting":true,"audioPlay":false,"sceneViewState":{"m_AlwaysRefresh":false,"showFog":true,"showSkybox":true,"showFlares":true,"showImageEffects":true,"showParticleSystems":true,"showVisualEffectGraphs":true,"m_FxEnabled":true},"in2DMode":false,"pivot":{"x":-1.9321436882019044,"y":9.716959953308106,"z":-12.351210594177246},"rotation":{"x":0.02834801934659481,"y":0.10178201645612717,"z":-0.0029015543404966594,"w":0.9943992495536804},"size":1.9695582389831544,"orthographic":false}