{"cameraMode":{"drawMode":0,"name":"Shaded","section":"Shading Mode"},"sceneLighting":true,"audioPlay":false,"sceneViewState":{"m_AlwaysRefresh":false,"showFog":true,"showSkybox":true,"showFlares":true,"showImageEffects":true,"showParticleSystems":true,"showVisualEffectGraphs":true,"m_FxEnabled":true},"in2DMode":false,"pivot":{"x":-0.6664800643920898,"y":0.26872801780700686,"z":0.5499014854431152},"rotation":{"x":-0.09116466343402863,"y":0.8820721507072449,"z":-0.19106067717075349,"w":-0.420879602432251},"size":4.507394790649414,"orthographic":false}