{"cameraMode":{"drawMode":0,"name":"Shaded","section":"Shading Mode"},"sceneLighting":true,"audioPlay":false,"sceneViewState":{"m_AlwaysRefresh":false,"showFog":true,"showSkybox":true,"showFlares":true,"showImageEffects":true,"showParticleSystems":true,"showVisualEffectGraphs":true,"m_FxEnabled":true},"in2DMode":false,"pivot":{"x":-8.015262603759766,"y":-2.741008758544922,"z":55.672298431396487},"rotation":{"x":0.04763179272413254,"y":-0.12046685069799423,"z":0.005785844754427671,"w":0.9915655255317688},"size":40.84247589111328,"orthographic":false}