{"cameraMode":{"drawMode":0,"name":"Shaded","section":"Shading Mode"},"sceneLighting":false,"audioPlay":false,"sceneViewState":{"m_AlwaysRefresh":false,"showFog":true,"showSkybox":false,"showFlares":true,"showImageEffects":true,"showParticleSystems":true,"showVisualEffectGraphs":true,"m_FxEnabled":true},"in2DMode":false,"pivot":{"x":-0.3723762035369873,"y":1.5995280742645264,"z":-0.572840690612793},"rotation":{"x":-0.004138359799981117,"y":0.9843694567680359,"z":-0.023343214765191079,"w":-0.1745525598526001},"size":2.3312337398529054,"orthographic":false}